{"cameraMode":{"drawMode":0,"name":"Shaded","section":"Shading Mode"},"sceneLighting":true,"audioPlay":false,"sceneViewState":{"showFog":true,"showMaterialUpdate":false,"showSkybox":true,"showFlares":true,"showImageEffects":true,"showParticleSystems":true},"in2DMode":false,"pivot":{"x":2.5540771484375,"y":23.091796875,"z":-17.1044921875},"rotation":{"x":-0.40840211510658266,"y":-0.07925569266080857,"z":0.035616304725408557,"w":-0.9086571335792542},"size":9.835498809814454,"orthographic":true}