{"cameraMode":{"drawMode":0,"name":"Shaded","section":"Shading Mode"},"sceneLighting":false,"audioPlay":false,"sceneViewState":{"showFog":true,"showMaterialUpdate":false,"showSkybox":true,"showFlares":true,"showImageEffects":true,"showParticleSystems":true},"in2DMode":false,"pivot":{"x":0.0,"y":0.6066802144050598,"z":2.9802322387695315e-8},"rotation":{"x":-0.3601505160331726,"y":-0.1802375167608261,"z":0.07113319635391236,"w":-0.9125492572784424},"size":7.113569259643555,"orthographic":true}